sample_id,layer_id,attention_mode,tensor_name,shape,dtype,is_saved,tensor_path,plot_path,total_elements,num_zeros,sparsity_ratio,min,max,mean,std,num_abs_lt_1e_4,num_abs_lt_1e_3,num_abs_lt_1e_2,ratio_abs_lt_1e_4,ratio_abs_lt_1e_3,ratio_abs_lt_1e_2,block_sparsity_4,block_sparsity_8,block_sparsity_16,block_sparsity_32
1,0,original_full,attention_probs,"[12, 768, 768]",torch.float16,True,/home/nizhj/gnn_sparsity/bigbird_output/tensors/bigbird_original_full_sample_01_layer_00.pt,/home/nizhj/gnn_sparsity/bigbird_output/plots/bigbird_original_full_sample_01_layer_00.png,7077888,6316324,0.8924023663556134,0.0,1.0,0.0009518031147308648,0.015899304300546646,6316324,6316324,7021760,0.8924023663556134,0.8924023663556134,0.9920699508101852,0.5054298639297485,0.3336588442325592,0.220703125,0.1236979141831398
1,1,original_full,attention_probs,"[12, 768, 768]",torch.float16,True,/home/nizhj/gnn_sparsity/bigbird_output/tensors/bigbird_original_full_sample_01_layer_01.pt,/home/nizhj/gnn_sparsity/bigbird_output/plots/bigbird_original_full_sample_01_layer_01.png,7077888,6537954,0.9237153795030382,0.0,1.0,0.0010978252394124866,0.018024379387497902,6537954,6537954,6997978,0.9237153795030382,0.9237153795030382,0.9887099089445891,0.6765611171722412,0.48815464973449707,0.29021990299224854,0.12861689925193787
1,2,original_full,attention_probs,"[12, 768, 768]",torch.float16,True,/home/nizhj/gnn_sparsity/bigbird_output/tensors/bigbird_original_full_sample_01_layer_02.pt,/home/nizhj/gnn_sparsity/bigbird_output/plots/bigbird_original_full_sample_01_layer_02.png,7077888,6722059,0.9497266698766638,0.0,0.984375,0.0011815056204795837,0.020013956353068352,6722059,6722059,6995712,0.9497266698766638,0.9497266698766638,0.9883897569444444,0.7892749905586243,0.6210395097732544,0.39315682649612427,0.171875
1,3,original_full,attention_probs,"[12, 768, 768]",torch.float16,True,/home/nizhj/gnn_sparsity/bigbird_output/tensors/bigbird_original_full_sample_01_layer_03.pt,/home/nizhj/gnn_sparsity/bigbird_output/plots/bigbird_original_full_sample_01_layer_03.png,7077888,6540640,0.9240948712384259,0.0,0.984375,0.0011297751916572452,0.014805315993726254,6540640,6540640,6978761,0.9240948712384259,0.9240948712384259,0.9859948334870515,0.6955679655075073,0.5198838710784912,0.3423393964767456,0.18634259700775146
1,4,original_full,attention_probs,"[12, 768, 768]",torch.float16,True,/home/nizhj/gnn_sparsity/bigbird_output/tensors/bigbird_original_full_sample_01_layer_04.pt,/home/nizhj/gnn_sparsity/bigbird_output/plots/bigbird_original_full_sample_01_layer_04.png,7077888,6569986,0.9282410233109085,0.0,0.96875,0.0011667662765830755,0.013894772157073021,6569986,6569986,6944667,0.9282410233109085,0.9282410233109085,0.9811778598361545,0.7261849641799927,0.5480324029922485,0.35626447200775146,0.1987847238779068
1,5,original_full,attention_probs,"[12, 768, 768]",torch.float16,True,/home/nizhj/gnn_sparsity/bigbird_output/tensors/bigbird_original_full_sample_01_layer_05.pt,/home/nizhj/gnn_sparsity/bigbird_output/plots/bigbird_original_full_sample_01_layer_05.png,7077888,6503265,0.9188143412272135,0.0,0.94921875,0.001144847134128213,0.010348910465836525,6503265,6503265,6935641,0.9188143412272135,0.9188143412272135,0.9799026206687644,0.6968270540237427,0.5124873518943787,0.31854021549224854,0.1623263955116272
1,6,original_full,attention_probs,"[12, 768, 768]",torch.float16,True,/home/nizhj/gnn_sparsity/bigbird_output/tensors/bigbird_original_full_sample_01_layer_06.pt,/home/nizhj/gnn_sparsity/bigbird_output/plots/bigbird_original_full_sample_01_layer_06.png,7077888,6595743,0.9318801032172309,0.0,0.9765625,0.001180920167826116,0.011029012501239777,6595743,6595743,6937574,0.9318801032172309,0.9318801032172309,0.9801757247359665,0.7191365361213684,0.53857421875,0.35098379850387573,0.19516782462596893
1,7,original_full,attention_probs,"[12, 768, 768]",torch.float16,True,/home/nizhj/gnn_sparsity/bigbird_output/tensors/bigbird_original_full_sample_01_layer_07.pt,/home/nizhj/gnn_sparsity/bigbird_output/plots/bigbird_original_full_sample_01_layer_07.png,7077888,6775172,0.9572307445384838,0.0,1.0,0.0012379721738398075,0.017223557457327843,6775172,6775172,6959866,0.9572307445384838,0.9572307445384838,0.9833252518265335,0.8512844443321228,0.7322772145271301,0.5546151399612427,0.32494214177131653
1,8,original_full,attention_probs,"[12, 768, 768]",torch.float16,True,/home/nizhj/gnn_sparsity/bigbird_output/tensors/bigbird_original_full_sample_01_layer_08.pt,/home/nizhj/gnn_sparsity/bigbird_output/plots/bigbird_original_full_sample_01_layer_08.png,7077888,6841158,0.9665535820855035,0.0,0.98046875,0.0012468287022784352,0.014205129817128181,6841158,6841158,6977445,0.9665535820855035,0.9665535820855035,0.9858089023166232,0.8652230501174927,0.7372413873672485,0.5343243479728699,0.27748844027519226
1,9,original_full,attention_probs,"[12, 768, 768]",torch.float16,True,/home/nizhj/gnn_sparsity/bigbird_output/tensors/bigbird_original_full_sample_01_layer_09.pt,/home/nizhj/gnn_sparsity/bigbird_output/plots/bigbird_original_full_sample_01_layer_09.png,7077888,6856590,0.968733893500434,0.0,1.0,0.0012408362235873938,0.015260070562362671,6856590,6856590,6988509,0.968733893500434,0.968733893500434,0.987372080485026,0.8280074596405029,0.6427318453788757,0.39435040950775146,0.1809895783662796
1,10,original_full,attention_probs,"[12, 768, 768]",torch.float16,True,/home/nizhj/gnn_sparsity/bigbird_output/tensors/bigbird_original_full_sample_01_layer_10.pt,/home/nizhj/gnn_sparsity/bigbird_output/plots/bigbird_original_full_sample_01_layer_10.png,7077888,6782373,0.9582481384277344,0.0,0.96875,0.0012064717011526227,0.01357122790068388,6782373,6782373,6979778,0.9582481384277344,0.9582481384277344,0.98613852041739,0.7107204794883728,0.40606915950775146,0.13104021549224854,0.03269675746560097
1,11,original_full,attention_probs,"[12, 768, 768]",torch.float16,True,/home/nizhj/gnn_sparsity/bigbird_output/tensors/bigbird_original_full_sample_01_layer_11.pt,/home/nizhj/gnn_sparsity/bigbird_output/plots/bigbird_original_full_sample_01_layer_11.png,7077888,6753561,0.9541774325900607,0.0,0.9765625,0.0011947969906032085,0.013720802031457424,6753561,6753561,6985390,0.9541774325900607,0.9541774325900607,0.9869314123083044,0.6947677135467529,0.41625073552131653,0.15957754850387573,0.04137731343507767
2,0,original_full,attention_probs,"[12, 832, 832]",torch.float16,True,/home/nizhj/gnn_sparsity/bigbird_output/tensors/bigbird_original_full_sample_02_layer_00.pt,/home/nizhj/gnn_sparsity/bigbird_output/plots/bigbird_original_full_sample_02_layer_00.png,8306688,7525558,0.9059637246517505,0.0,1.0,0.0008460517274215817,0.015443112701177597,7525558,7525558,8251492,0.9059637246517505,0.9059637246517505,0.9933552337586292,0.5394265651702881,0.34718626737594604,0.2318170666694641,0.13634122908115387
2,1,original_full,attention_probs,"[12, 832, 832]",torch.float16,True,/home/nizhj/gnn_sparsity/bigbird_output/tensors/bigbird_original_full_sample_02_layer_01.pt,/home/nizhj/gnn_sparsity/bigbird_output/plots/bigbird_original_full_sample_02_layer_01.png,8306688,7739510,0.9317203198194034,0.0,1.0,0.0009969789534807205,0.017479535192251205,7739510,7739510,8224623,0.9317203198194034,0.9317203198194034,0.9901206112472263,0.6947577595710754,0.4996378719806671,0.3031003475189209,0.14016272127628326
2,2,original_full,attention_probs,"[12, 832, 832]",torch.float16,True,/home/nizhj/gnn_sparsity/bigbird_output/tensors/bigbird_original_full_sample_02_layer_02.pt,/home/nizhj/gnn_sparsity/bigbird_output/plots/bigbird_original_full_sample_02_layer_02.png,8306688,7900182,0.9510628062592456,0.0,0.99609375,0.001082414179109037,0.01909678988158703,7900182,7900182,8219726,0.9510628062592456,0.9510628062592456,0.989531086276504,0.7850425839424133,0.6125569939613342,0.38966962695121765,0.17011834681034088
2,3,original_full,attention_probs,"[12, 832, 832]",torch.float16,True,/home/nizhj/gnn_sparsity/bigbird_output/tensors/bigbird_original_full_sample_02_layer_03.pt,/home/nizhj/gnn_sparsity/bigbird_output/plots/bigbird_original_full_sample_02_layer_03.png,8306688,7708230,0.9279546794101331,0.0,0.98046875,0.001016107969917357,0.013918714597821236,7708230,7708230,8204125,0.9279546794101331,0.9279546794101331,0.9876529610838881,0.6834204196929932,0.4908469021320343,0.31878697872161865,0.16777613759040833
2,4,original_full,attention_probs,"[12, 832, 832]",torch.float16,True,/home/nizhj/gnn_sparsity/bigbird_output/tensors/bigbird_original_full_sample_02_layer_04.pt,/home/nizhj/gnn_sparsity/bigbird_output/plots/bigbird_original_full_sample_02_layer_04.png,8306688,7718603,0.9292034322223249,0.0,0.97265625,0.0010561334202066064,0.01288969349116087,7718603,7718603,8165118,0.9292034322223249,0.9292034322223249,0.9829571063701923,0.7093079686164856,0.5132673978805542,0.328125,0.18010355532169342
2,5,original_full,attention_probs,"[12, 832, 832]",torch.float16,True,/home/nizhj/gnn_sparsity/bigbird_output/tensors/bigbird_original_full_sample_02_layer_05.pt,/home/nizhj/gnn_sparsity/bigbird_output/plots/bigbird_original_full_sample_02_layer_05.png,8306688,7650072,0.9209533330251479,0.0,0.953125,0.0010357974097132683,0.009715663269162178,7650072,7650072,8155391,0.9209533330251479,0.9209533330251479,0.9817861222186267,0.6777170300483704,0.47242510318756104,0.28325319290161133,0.13868343830108643
2,6,original_full,attention_probs,"[12, 832, 832]",torch.float16,True,/home/nizhj/gnn_sparsity/bigbird_output/tensors/bigbird_original_full_sample_02_layer_06.pt,/home/nizhj/gnn_sparsity/bigbird_output/plots/bigbird_original_full_sample_02_layer_06.png,8306688,7764169,0.9346888916497165,0.0,0.9765625,0.0010771213565021753,0.010140695609152317,7764169,7764169,8146550,0.9346888916497165,0.9346888916497165,0.9807217991093442,0.7119564414024353,0.5113489031791687,0.31317800283432007,0.16765286028385162
2,7,original_full,attention_probs,"[12, 832, 832]",torch.float16,True,/home/nizhj/gnn_sparsity/bigbird_output/tensors/bigbird_original_full_sample_02_layer_07.pt,/home/nizhj/gnn_sparsity/bigbird_output/plots/bigbird_original_full_sample_02_layer_07.png,8306688,7961160,0.9584036381286982,0.0,1.0,0.0011364379897713661,0.01621386408805847,7961160,7961160,8167840,0.9584036381286982,0.9584036381286982,0.9832847941321499,0.8452447056770325,0.7256148457527161,0.5405880212783813,0.300542414188385
2,8,original_full,attention_probs,"[12, 832, 832]",torch.float16,True,/home/nizhj/gnn_sparsity/bigbird_output/tensors/bigbird_original_full_sample_02_layer_08.pt,/home/nizhj/gnn_sparsity/bigbird_output/plots/bigbird_original_full_sample_02_layer_08.png,8306688,8020200,0.9655111640162722,0.0,0.984375,0.0011438800720497966,0.012240399606525898,8020200,8020200,8178477,0.9655111640162722,0.9655111640162722,0.9845653285641642,0.8568921685218811,0.7289355397224426,0.521573007106781,0.2666420042514801
2,9,original_full,attention_probs,"[12, 832, 832]",torch.float16,True,/home/nizhj/gnn_sparsity/bigbird_output/tensors/bigbird_original_full_sample_02_layer_09.pt,/home/nizhj/gnn_sparsity/bigbird_output/plots/bigbird_original_full_sample_02_layer_09.png,8306688,8043461,0.9683114377234344,0.0,1.0,0.0011395951732993126,0.013211922720074654,8043461,8043461,8191909,0.9683114377234344,0.9683114377234344,0.9861823388575567,0.8162521719932556,0.6207855939865112,0.3654770851135254,0.16950197517871857
2,10,original_full,attention_probs,"[12, 832, 832]",torch.float16,True,/home/nizhj/gnn_sparsity/bigbird_output/tensors/bigbird_original_full_sample_02_layer_10.pt,/home/nizhj/gnn_sparsity/bigbird_output/plots/bigbird_original_full_sample_02_layer_10.png,8306688,7959796,0.9582394330929487,0.0,0.984375,0.0011064233258366585,0.011368106119334698,7959796,7959796,8179014,0.9582394330929487,0.9582394330929487,0.9846299752681213,0.6829118728637695,0.34955930709838867,0.08376479148864746,0.017751479521393776
2,11,original_full,attention_probs,"[12, 832, 832]",torch.float16,True,/home/nizhj/gnn_sparsity/bigbird_output/tensors/bigbird_original_full_sample_02_layer_11.pt,/home/nizhj/gnn_sparsity/bigbird_output/plots/bigbird_original_full_sample_02_layer_11.png,8306688,7967823,0.9592057628744453,0.0,1.0,0.0011018045479431748,0.012211460620164871,7967823,7967823,8194919,0.9592057628744453,0.9592057628744453,0.9865446974775025,0.6921092867851257,0.38718873262405396,0.13094797730445862,0.033530570566654205
3,0,original_full,attention_probs,"[12, 896, 896]",torch.float16,True,/home/nizhj/gnn_sparsity/bigbird_output/tensors/bigbird_original_full_sample_03_layer_00.pt,/home/nizhj/gnn_sparsity/bigbird_output/plots/bigbird_original_full_sample_03_layer_00.png,9633792,8844024,0.9180210658482143,0.0,1.0,0.000762502255383879,0.014743356965482235,8844024,8844024,9572237,0.9180210658482143,0.9180210658482143,0.9936105118316858,0.5762200355529785,0.37367135286331177,0.244047611951828,0.14243197441101074
3,1,original_full,attention_probs,"[12, 896, 896]",torch.float16,True,/home/nizhj/gnn_sparsity/bigbird_output/tensors/bigbird_original_full_sample_03_layer_01.pt,/home/nizhj/gnn_sparsity/bigbird_output/plots/bigbird_original_full_sample_03_layer_01.png,9633792,9030023,0.937328001268867,0.0,1.0,0.0009196588071063161,0.01668630726635456,9030023,9030023,9543128,0.937328001268867,0.937328001268867,0.9905889601934523,0.7152274250984192,0.5246598720550537,0.32036563754081726,0.14551445841789246
3,2,original_full,attention_probs,"[12, 896, 896]",torch.float16,True,/home/nizhj/gnn_sparsity/bigbird_output/tensors/bigbird_original_full_sample_03_layer_02.pt,/home/nizhj/gnn_sparsity/bigbird_output/plots/bigbird_original_full_sample_03_layer_02.png,9633792,9204587,0.9554479689825148,0.0,0.99609375,0.0010004108771681786,0.01836366578936577,9204587,9204587,9539699,0.9554479689825148,0.9554479689825148,0.9902330255832802,0.8016664385795593,0.6352173686027527,0.4095982015132904,0.1821853667497635
3,3,original_full,attention_probs,"[12, 896, 896]",torch.float16,True,/home/nizhj/gnn_sparsity/bigbird_output/tensors/bigbird_original_full_sample_03_layer_03.pt,/home/nizhj/gnn_sparsity/bigbird_output/plots/bigbird_original_full_sample_03_layer_03.png,9633792,9001518,0.9343691456074618,0.0,0.96875,0.0009425054304301739,0.013361548073589802,9001518,9001518,9521684,0.9343691456074618,0.9343691456074618,0.9883630454134779,0.7127992510795593,0.5234375,0.33979061245918274,0.17602041363716125
3,4,original_full,attention_probs,"[12, 896, 896]",torch.float16,True,/home/nizhj/gnn_sparsity/bigbird_output/tensors/bigbird_original_full_sample_03_layer_04.pt,/home/nizhj/gnn_sparsity/bigbird_output/plots/bigbird_original_full_sample_03_layer_04.png,9633792,9016503,0.9359246078802614,0.0,0.984375,0.0009766763541847467,0.012384154833853245,9016503,9016503,9482572,0.9359246078802614,0.9359246078802614,0.9843031695099915,0.7372581958770752,0.5484959483146667,0.3473905324935913,0.19409014284610748
3,5,original_full,attention_probs,"[12, 896, 896]",torch.float16,True,/home/nizhj/gnn_sparsity/bigbird_output/tensors/bigbird_original_full_sample_03_layer_05.pt,/home/nizhj/gnn_sparsity/bigbird_output/plots/bigbird_original_full_sample_03_layer_05.png,9633792,8928044,0.9267424499096514,0.0,0.94140625,0.0009570478578098118,0.009084860794246197,8928044,8928044,9468334,0.9267424499096514,0.9267424499096514,0.9828252467979379,0.7074215412139893,0.5013552308082581,0.28930166363716125,0.12457483261823654
3,6,original_full,attention_probs,"[12, 896, 896]",torch.float16,True,/home/nizhj/gnn_sparsity/bigbird_output/tensors/bigbird_original_full_sample_03_layer_06.pt,/home/nizhj/gnn_sparsity/bigbird_output/plots/bigbird_original_full_sample_03_layer_06.png,9633792,9040174,0.9383816881244685,0.0,0.98046875,0.0010003524366766214,0.00953468307852745,9040174,9040174,9450736,0.9383816881244685,0.9383816881244685,0.9809985517644558,0.7397760152816772,0.5433142185211182,0.3221991956233978,0.17272533476352692
3,7,original_full,attention_probs,"[12, 896, 896]",torch.float16,True,/home/nizhj/gnn_sparsity/bigbird_output/tensors/bigbird_original_full_sample_03_layer_07.pt,/home/nizhj/gnn_sparsity/bigbird_output/plots/bigbird_original_full_sample_03_layer_07.png,9633792,9236722,0.9587836233126062,0.0,1.0,0.0010543697280809283,0.015106714330613613,9236722,9236722,9467988,0.9587836233126062,0.9587836233126062,0.9827893315529337,0.8589465022087097,0.7397760152816772,0.5356079936027527,0.2885841727256775
3,8,original_full,attention_probs,"[12, 896, 896]",torch.float16,True,/home/nizhj/gnn_sparsity/bigbird_output/tensors/bigbird_original_full_sample_03_layer_08.pt,/home/nizhj/gnn_sparsity/bigbird_output/plots/bigbird_original_full_sample_03_layer_08.png,9633792,9299546,0.9653048353130315,0.0,0.9765625,0.0010619297390803695,0.010829969309270382,9299546,9299546,9468262,0.9653048353130315,0.9653048353130315,0.9828177731053359,0.8695890307426453,0.7453098297119141,0.5269185900688171,0.276573121547699
3,9,original_full,attention_probs,"[12, 896, 896]",torch.float16,True,/home/nizhj/gnn_sparsity/bigbird_output/tensors/bigbird_original_full_sample_03_layer_09.pt,/home/nizhj/gnn_sparsity/bigbird_output/plots/bigbird_original_full_sample_03_layer_09.png,9633792,9329004,0.9683626136001275,0.0,1.0,0.0010574688203632832,0.011873425915837288,9329004,9329004,9484585,0.9683626136001275,0.9683626136001275,0.9845121214989903,0.8371449112892151,0.6620694994926453,0.4054262340068817,0.18803146481513977
3,10,original_full,attention_probs,"[12, 896, 896]",torch.float16,True,/home/nizhj/gnn_sparsity/bigbird_output/tensors/bigbird_original_full_sample_03_layer_10.pt,/home/nizhj/gnn_sparsity/bigbird_output/plots/bigbird_original_full_sample_03_layer_10.png,9633792,9233281,0.9584264430870004,0.0,0.98828125,0.0010224911384284496,0.010209177620708942,9233281,9233281,9474256,0.9584264430870004,0.9584264430870004,0.9834399580144558,0.7191269993782043,0.41980230808258057,0.1301020383834839,0.025616496801376343
3,11,original_full,attention_probs,"[12, 896, 896]",torch.float16,True,/home/nizhj/gnn_sparsity/bigbird_output/tensors/bigbird_original_full_sample_03_layer_11.pt,/home/nizhj/gnn_sparsity/bigbird_output/plots/bigbird_original_full_sample_03_layer_11.png,9633792,9227422,0.9578182713515093,0.0,0.99609375,0.0010189437307417393,0.010131387040019035,9227422,9227422,9483321,0.9578182713515093,0.9578182713515093,0.98438091667331,0.7233139276504517,0.4561809003353119,0.18845663964748383,0.05325255170464516
4,0,original_full,attention_probs,"[12, 960, 960]",torch.float16,True,/home/nizhj/gnn_sparsity/bigbird_output/tensors/bigbird_original_full_sample_04_layer_00.pt,/home/nizhj/gnn_sparsity/bigbird_output/plots/bigbird_original_full_sample_04_layer_00.png,11059200,10253955,0.9271877712673611,0.0,1.0,0.0006944485357962549,0.014042153023183346,10253955,10253955,10991462,0.9271877712673611,0.9271877712673611,0.9938749638310185,0.6101215481758118,0.39304977655410767,0.2487037032842636,0.1395370364189148
4,1,original_full,attention_probs,"[12, 960, 960]",torch.float16,True,/home/nizhj/gnn_sparsity/bigbird_output/tensors/bigbird_original_full_sample_04_layer_01.pt,/home/nizhj/gnn_sparsity/bigbird_output/plots/bigbird_original_full_sample_04_layer_01.png,11059200,10418614,0.9420766420717592,0.0,1.0,0.0008476041257381439,0.015782246366143227,10418614,10418614,10961702,0.9420766420717592,0.9420766420717592,0.9911839916087963,0.7314974069595337,0.5372048616409302,0.3315972089767456,0.15518517792224884
4,2,original_full,attention_probs,"[12, 960, 960]",torch.float16,True,/home/nizhj/gnn_sparsity/bigbird_output/tensors/bigbird_original_full_sample_04_layer_02.pt,/home/nizhj/gnn_sparsity/bigbird_output/plots/bigbird_original_full_sample_04_layer_02.png,11059200,10568106,0.9555940755208333,0.0,0.98828125,0.0009251052397303283,0.01711316965520382,10568106,10568106,10956034,0.9555940755208333,0.9555940755208333,0.9906714771412037,0.8021556735038757,0.6327083110809326,0.4064583480358124,0.18444444239139557
4,3,original_full,attention_probs,"[12, 960, 960]",torch.float16,True,/home/nizhj/gnn_sparsity/bigbird_output/tensors/bigbird_original_full_sample_04_layer_03.pt,/home/nizhj/gnn_sparsity/bigbird_output/plots/bigbird_original_full_sample_04_layer_03.png,11059200,10349315,0.9358104564525463,0.0,0.984375,0.0008604061440564692,0.012091190554201603,10349315,10349315,10937687,0.9358104564525463,0.9358104564525463,0.9890124963831018,0.709926187992096,0.5100752115249634,0.33173611760139465,0.1738888919353485
4,4,original_full,attention_probs,"[12, 960, 960]",torch.float16,True,/home/nizhj/gnn_sparsity/bigbird_output/tensors/bigbird_original_full_sample_04_layer_04.pt,/home/nizhj/gnn_sparsity/bigbird_output/plots/bigbird_original_full_sample_04_layer_04.png,11059200,10360489,0.9368208369502314,0.0,0.9609375,0.0009008774650283158,0.011343641206622124,10360489,10360489,10898159,0.9368208369502314,0.9368208369502314,0.9854382776331019,0.7350245714187622,0.5402777791023254,0.35754629969596863,0.20185184478759766
4,5,original_full,attention_probs,"[12, 960, 960]",torch.float16,True,/home/nizhj/gnn_sparsity/bigbird_output/tensors/bigbird_original_full_sample_04_layer_05.pt,/home/nizhj/gnn_sparsity/bigbird_output/plots/bigbird_original_full_sample_04_layer_05.png,11059200,10316604,0.9328526475694444,0.0,0.94921875,0.0008847651770338416,0.009001009166240692,10316604,10316604,10889765,0.9328526475694444,0.9328526475694444,0.984679271556713,0.7200347185134888,0.5177430510520935,0.3200925886631012,0.15296296775341034
4,6,original_full,attention_probs,"[12, 960, 960]",torch.float16,True,/home/nizhj/gnn_sparsity/bigbird_output/tensors/bigbird_original_full_sample_04_layer_06.pt,/home/nizhj/gnn_sparsity/bigbird_output/plots/bigbird_original_full_sample_04_layer_06.png,11059200,10436933,0.9437330910011574,0.0,0.96484375,0.0009293070761486888,0.009783070534467697,10436933,10436933,10884073,0.9437330910011574,0.9437330910011574,0.9841645869502315,0.750002920627594,0.5529571771621704,0.3580787181854248,0.20055556297302246
4,7,original_full,attention_probs,"[12, 960, 960]",torch.float16,True,/home/nizhj/gnn_sparsity/bigbird_output/tensors/bigbird_original_full_sample_04_layer_07.pt,/home/nizhj/gnn_sparsity/bigbird_output/plots/bigbird_original_full_sample_04_layer_07.png,11059200,10674522,0.9652164713541667,0.0,1.0,0.0009844198357313871,0.01556371245533228,10674522,10674522,10913020,0.9652164713541667,0.9652164713541667,0.9867820457175925,0.8778197169303894,0.7731307744979858,0.6148379445075989,0.3772222101688385
4,8,original_full,attention_probs,"[12, 960, 960]",torch.float16,True,/home/nizhj/gnn_sparsity/bigbird_output/tensors/bigbird_original_full_sample_04_layer_08.pt,/home/nizhj/gnn_sparsity/bigbird_output/plots/bigbird_original_full_sample_04_layer_08.png,11059200,10753353,0.9723445638020833,0.0,0.98046875,0.000991854933090508,0.012868406251072884,10753353,10753353,10933010,0.9723445638020833,0.9723445638020833,0.9885895905671296,0.8891753554344177,0.7795254588127136,0.6017129421234131,0.33916667103767395
4,9,original_full,attention_probs,"[12, 960, 960]",torch.float16,True,/home/nizhj/gnn_sparsity/bigbird_output/tensors/bigbird_original_full_sample_04_layer_09.pt,/home/nizhj/gnn_sparsity/bigbird_output/plots/bigbird_original_full_sample_04_layer_09.png,11059200,10745956,0.971675708912037,0.0,1.0,0.0009810012998059392,0.013573226518929005,10745956,10745956,10942802,0.971675708912037,0.971675708912037,0.9894750072337963,0.8346933126449585,0.6472858786582947,0.40444445610046387,0.18759259581565857
4,10,original_full,attention_probs,"[12, 960, 960]",torch.float16,True,/home/nizhj/gnn_sparsity/bigbird_output/tensors/bigbird_original_full_sample_04_layer_10.pt,/home/nizhj/gnn_sparsity/bigbird_output/plots/bigbird_original_full_sample_04_layer_10.png,11059200,10639254,0.9620274522569444,0.0,0.984375,0.0009496576967649162,0.011711591854691505,10639254,10639254,10926801,0.9620274522569444,0.9620274522569444,0.9880281575520833,0.7178544402122498,0.406475692987442,0.11768518388271332,0.02203703671693802
4,11,original_full,attention_probs,"[12, 960, 960]",torch.float16,True,/home/nizhj/gnn_sparsity/bigbird_output/tensors/bigbird_original_full_sample_04_layer_11.pt,/home/nizhj/gnn_sparsity/bigbird_output/plots/bigbird_original_full_sample_04_layer_11.png,11059200,10687249,0.9663672779224537,0.0,0.9921875,0.0009513026452623308,0.012549566105008125,10687249,10687249,10950038,0.9663672779224537,0.9663672779224537,0.9901293041087963,0.756070613861084,0.4792187511920929,0.19407407939434052,0.04759259149432182
5,0,original_full,attention_probs,"[12, 1024, 1024]",torch.float16,True,/home/nizhj/gnn_sparsity/bigbird_output/tensors/bigbird_original_full_sample_05_layer_00.pt,/home/nizhj/gnn_sparsity/bigbird_output/plots/bigbird_original_full_sample_05_layer_00.png,12582912,11771959,0.9355512460072836,0.0,1.0,0.0006304659764282405,0.013678806833922863,11771959,11771959,12516308,0.9355512460072836,0.9355512460072836,0.9947067896525065,0.6410662531852722,0.4207204282283783,0.2620035707950592,0.1437174528837204
5,1,original_full,attention_probs,"[12, 1024, 1024]",torch.float16,True,/home/nizhj/gnn_sparsity/bigbird_output/tensors/bigbird_original_full_sample_05_layer_01.pt,/home/nizhj/gnn_sparsity/bigbird_output/plots/bigbird_original_full_sample_05_layer_01.png,12582912,11904017,0.9460462729136149,0.0,1.0,0.00078681850573048,0.015273422002792358,11904017,11904017,12481576,0.9460462729136149,0.9460462729136149,0.9919465382893881,0.7513046264648438,0.5641123652458191,0.3511556088924408,0.1659342497587204
5,2,original_full,attention_probs,"[12, 1024, 1024]",torch.float16,True,/home/nizhj/gnn_sparsity/bigbird_output/tensors/bigbird_original_full_sample_05_layer_02.pt,/home/nizhj/gnn_sparsity/bigbird_output/plots/bigbird_original_full_sample_05_layer_02.png,12582912,12040290,0.956876277923584,0.0,0.98828125,0.000864480622112751,0.016470998525619507,12040290,12040290,12470298,0.956876277923584,0.956876277923584,0.9910502433776855,0.809393584728241,0.6456959843635559,0.4218343198299408,0.190673828125
5,3,original_full,attention_probs,"[12, 1024, 1024]",torch.float16,True,/home/nizhj/gnn_sparsity/bigbird_output/tensors/bigbird_original_full_sample_05_layer_03.pt,/home/nizhj/gnn_sparsity/bigbird_output/plots/bigbird_original_full_sample_05_layer_03.png,12582912,11821075,0.9394546349843343,0.0,0.98828125,0.0008065903093665838,0.01169284712523222,11821075,11821075,12449010,0.9394546349843343,0.9394546349843343,0.9893584251403809,0.7364184260368347,0.5486348271369934,0.3611653745174408,0.19189453125
5,4,original_full,attention_probs,"[12, 1024, 1024]",torch.float16,True,/home/nizhj/gnn_sparsity/bigbird_output/tensors/bigbird_original_full_sample_05_layer_04.pt,/home/nizhj/gnn_sparsity/bigbird_output/plots/bigbird_original_full_sample_05_layer_04.png,12582912,11829700,0.9401400883992513,0.0,0.96875,0.0008417615317739546,0.01087779551744461,11829700,11829700,12409263,0.9401400883992513,0.9401400883992513,0.9861996173858643,0.760400116443634,0.5767822265625,0.3857625424861908,0.2228190153837204
5,5,original_full,attention_probs,"[12, 1024, 1024]",torch.float16,True,/home/nizhj/gnn_sparsity/bigbird_output/tensors/bigbird_original_full_sample_05_layer_05.pt,/home/nizhj/gnn_sparsity/bigbird_output/plots/bigbird_original_full_sample_05_layer_05.png,12582912,11775219,0.9358103275299072,0.0,0.9921875,0.0008265326614491642,0.008506527170538902,11775219,11775219,12395695,0.9358103275299072,0.9358103275299072,0.9851213296254476,0.748138427734375,0.55938720703125,0.3607584536075592,0.1982421875
5,6,original_full,attention_probs,"[12, 1024, 1024]",torch.float16,True,/home/nizhj/gnn_sparsity/bigbird_output/tensors/bigbird_original_full_sample_05_layer_06.pt,/home/nizhj/gnn_sparsity/bigbird_output/plots/bigbird_original_full_sample_05_layer_06.png,12582912,11935933,0.9485827287038168,0.0,1.0,0.000872669683303684,0.00935775600373745,11935933,11935933,12388170,0.9485827287038168,0.9485827287038168,0.9845232963562012,0.7862625122070312,0.60858154296875,0.4029337465763092,0.233154296875
5,7,original_full,attention_probs,"[12, 1024, 1024]",torch.float16,True,/home/nizhj/gnn_sparsity/bigbird_output/tensors/bigbird_original_full_sample_05_layer_07.pt,/home/nizhj/gnn_sparsity/bigbird_output/plots/bigbird_original_full_sample_05_layer_07.png,12582912,12149267,0.9655369917551676,0.0,1.0,0.0009194252197630703,0.014675759710371494,12149267,12149267,12415142,0.9655369917551676,0.9655369917551676,0.9866668383280436,0.8841908574104309,0.785858154296875,0.631103515625,0.4209798276424408
5,8,original_full,attention_probs,"[12, 1024, 1024]",torch.float16,True,/home/nizhj/gnn_sparsity/bigbird_output/tensors/bigbird_original_full_sample_05_layer_08.pt,/home/nizhj/gnn_sparsity/bigbird_output/plots/bigbird_original_full_sample_05_layer_08.png,12582912,12217080,0.9709262847900391,0.0,0.98828125,0.0009249204304069281,0.011527509428560734,12217080,12217080,12430122,0.9709262847900391,0.9709262847900391,0.9878573417663574,0.886474609375,0.7737986445426941,0.5839030146598816,0.34716796875
5,9,original_full,attention_probs,"[12, 1024, 1024]",torch.float16,True,/home/nizhj/gnn_sparsity/bigbird_output/tensors/bigbird_original_full_sample_05_layer_09.pt,/home/nizhj/gnn_sparsity/bigbird_output/plots/bigbird_original_full_sample_05_layer_09.png,12582912,12248400,0.9734153747558594,0.0,1.0,0.0009221465443260968,0.012571199797093868,12248400,12248400,12447134,0.9734153747558594,0.9734153747558594,0.9892093340555826,0.8547795414924622,0.6868794560432434,0.4464925229549408,0.2357584685087204
5,10,original_full,attention_probs,"[12, 1024, 1024]",torch.float16,True,/home/nizhj/gnn_sparsity/bigbird_output/tensors/bigbird_original_full_sample_05_layer_10.pt,/home/nizhj/gnn_sparsity/bigbird_output/plots/bigbird_original_full_sample_05_layer_10.png,12582912,12123635,0.9634999434153239,0.0,0.98828125,0.0008922492270357907,0.010845213197171688,12123635,12123635,12429694,0.9634999434153239,0.9634999434153239,0.9878233273824056,0.7378005981445312,0.4307505190372467,0.1402791291475296,0.0316569022834301
5,11,original_full,attention_probs,"[12, 1024, 1024]",torch.float16,True,/home/nizhj/gnn_sparsity/bigbird_output/tensors/bigbird_original_full_sample_05_layer_11.pt,/home/nizhj/gnn_sparsity/bigbird_output/plots/bigbird_original_full_sample_05_layer_11.png,12582912,12144045,0.9651219844818115,0.0,1.0,0.0008844630792737007,0.011135139502584934,12144045,12144045,12452410,0.9651219844818115,0.9651219844818115,0.9896286328633627,0.7548866271972656,0.475555419921875,0.1946818083524704,0.0533854179084301
6,0,original_full,attention_probs,"[12, 1088, 1088]",torch.float16,True,/home/nizhj/gnn_sparsity/bigbird_output/tensors/bigbird_original_full_sample_06_layer_00.pt,/home/nizhj/gnn_sparsity/bigbird_output/plots/bigbird_original_full_sample_06_layer_00.png,14204928,13378528,0.9418230067762399,0.0,1.0,0.0005800807266496122,0.013173436746001244,13378528,13378528,14130332,0.9418230067762399,0.9418230067762399,0.9947485830269608,0.6658613085746765,0.43944185972213745,0.2728697955608368,0.15433967113494873
6,1,original_full,attention_probs,"[12, 1088, 1088]",torch.float16,True,/home/nizhj/gnn_sparsity/bigbird_output/tensors/bigbird_original_full_sample_06_layer_01.pt,/home/nizhj/gnn_sparsity/bigbird_output/plots/bigbird_original_full_sample_06_layer_01.png,14204928,13476987,0.948754333707288,0.0,1.0,0.0007307952037081122,0.014642451889812946,13476987,13476987,14095606,0.948754333707288,0.948754333707288,0.9923039384641724,0.7546045780181885,0.5677804350852966,0.3576088547706604,0.173370823264122
6,2,original_full,attention_probs,"[12, 1088, 1088]",torch.float16,True,/home/nizhj/gnn_sparsity/bigbird_output/tensors/bigbird_original_full_sample_06_layer_02.pt,/home/nizhj/gnn_sparsity/bigbird_output/plots/bigbird_original_full_sample_06_layer_02.png,14204928,13614556,0.9584389304894751,0.0,0.9921875,0.0008078945684246719,0.01564640924334526,13614556,13614556,14083904,0.9584389304894751,0.9584389304894751,0.9914801398500577,0.8119739890098572,0.64764004945755,0.4272094964981079,0.19968281686306
6,3,original_full,attention_probs,"[12, 1088, 1088]",torch.float16,True,/home/nizhj/gnn_sparsity/bigbird_output/tensors/bigbird_original_full_sample_06_layer_03.pt,/home/nizhj/gnn_sparsity/bigbird_output/plots/bigbird_original_full_sample_06_layer_03.png,14204928,13388782,0.9425448689356257,0.0,0.98046875,0.0007512994343414903,0.011304539628326893,13388782,13388782,14065811,0.9425448689356257,0.9425448689356257,0.9902064269526745,0.737553596496582,0.5501279830932617,0.3623846471309662,0.19708766043186188
6,4,original_full,attention_probs,"[12, 1088, 1088]",torch.float16,True,/home/nizhj/gnn_sparsity/bigbird_output/tensors/bigbird_original_full_sample_06_layer_04.pt,/home/nizhj/gnn_sparsity/bigbird_output/plots/bigbird_original_full_sample_06_layer_04.png,14204928,13394189,0.9429255114844651,0.0,0.98828125,0.0007899653282947838,0.010599089786410332,13394189,13394189,14018179,0.9429255114844651,0.9429255114844651,0.9868532244584415,0.7605924010276794,0.5854689478874207,0.3976895809173584,0.24070069193840027
6,5,original_full,attention_probs,"[12, 1088, 1088]",torch.float16,True,/home/nizhj/gnn_sparsity/bigbird_output/tensors/bigbird_original_full_sample_06_layer_05.pt,/home/nizhj/gnn_sparsity/bigbird_output/plots/bigbird_original_full_sample_06_layer_05.png,14204928,13357533,0.9403449985807742,0.0,0.98046875,0.000773427658714354,0.008379709906876087,13357533,13357533,14002528,0.9403449985807742,0.9403449985807742,0.9857514237312572,0.7461241483688354,0.5636128783226013,0.37202638387680054,0.20653113722801208
6,6,original_full,attention_probs,"[12, 1088, 1088]",torch.float16,True,/home/nizhj/gnn_sparsity/bigbird_output/tensors/bigbird_original_full_sample_06_layer_06.pt,/home/nizhj/gnn_sparsity/bigbird_output/plots/bigbird_original_full_sample_06_layer_06.png,14204928,13482049,0.9491106889102148,0.0,0.98828125,0.000814847822766751,0.008843461982905865,13482049,13482049,13993115,0.9491106889102148,0.9491106889102148,0.9850887663774149,0.7746337056159973,0.6048650145530701,0.415080726146698,0.24639561772346497
6,7,original_full,attention_probs,"[12, 1088, 1088]",torch.float16,True,/home/nizhj/gnn_sparsity/bigbird_output/tensors/bigbird_original_full_sample_06_layer_07.pt,/home/nizhj/gnn_sparsity/bigbird_output/plots/bigbird_original_full_sample_06_layer_07.png,14204928,13728219,0.9664405901951774,0.0,1.0,0.0008619080763310194,0.014093111269176006,13728219,13728219,14016450,0.9664405901951774,0.9664405901951774,0.986731506136462,0.8788814544677734,0.788850724697113,0.6453827619552612,0.447664350271225
6,8,original_full,attention_probs,"[12, 1088, 1088]",torch.float16,True,/home/nizhj/gnn_sparsity/bigbird_output/tensors/bigbird_original_full_sample_06_layer_08.pt,/home/nizhj/gnn_sparsity/bigbird_output/plots/bigbird_original_full_sample_06_layer_08.png,14204928,13830078,0.9736112706801471,0.0,0.984375,0.0008704683859832585,0.010927959345281124,13830078,13830078,14038063,0.9736112706801471,0.9736112706801471,0.9882530203602581,0.8905619382858276,0.79482501745224,0.6366421580314636,0.41991060972213745
6,9,original_full,attention_probs,"[12, 1088, 1088]",torch.float16,True,/home/nizhj/gnn_sparsity/bigbird_output/tensors/bigbird_original_full_sample_06_layer_09.pt,/home/nizhj/gnn_sparsity/bigbird_output/plots/bigbird_original_full_sample_06_layer_09.png,14204928,13841591,0.974421764052588,0.0,1.0,0.0008643065812066197,0.011731045320630074,13841591,13841591,14051667,0.974421764052588,0.974421764052588,0.9892107161683608,0.8541610240936279,0.7007821798324585,0.48408666253089905,0.2728517949581146
6,10,original_full,attention_probs,"[12, 1088, 1088]",torch.float16,True,/home/nizhj/gnn_sparsity/bigbird_output/tensors/bigbird_original_full_sample_06_layer_10.pt,/home/nizhj/gnn_sparsity/bigbird_output/plots/bigbird_original_full_sample_06_layer_10.png,14204928,13732441,0.9667378109906647,0.0,0.99609375,0.000840198015794158,0.01007117610424757,13732441,13732441,14036446,0.9667378109906647,0.9667378109906647,0.9881391866259371,0.7547532916069031,0.48596543073654175,0.19467271864414215,0.05226355418562889
6,11,original_full,attention_probs,"[12, 1088, 1088]",torch.float16,True,/home/nizhj/gnn_sparsity/bigbird_output/tensors/bigbird_original_full_sample_06_layer_11.pt,/home/nizhj/gnn_sparsity/bigbird_output/plots/bigbird_original_full_sample_06_layer_11.png,14204928,13739825,0.967257630591299,0.0,0.99609375,0.0008315556333400309,0.010357392020523548,13739825,13739825,14055194,0.967257630591299,0.967257630591299,0.9894590102815023,0.7652645707130432,0.5227661728858948,0.25239691138267517,0.08066608756780624
7,0,original_full,attention_probs,"[12, 1152, 1152]",torch.float16,True,/home/nizhj/gnn_sparsity/bigbird_output/tensors/bigbird_original_full_sample_07_layer_00.pt,/home/nizhj/gnn_sparsity/bigbird_output/plots/bigbird_original_full_sample_07_layer_00.png,15925248,15062833,0.9458460552702225,0.0,1.0,0.0005413183243945241,0.01276717334985733,15062833,15062833,15845206,0.9458460552702225,0.9458460552702225,0.9949738930282279,0.6822977066040039,0.4542984962463379,0.2784207761287689,0.1542566865682602
7,1,original_full,attention_probs,"[12, 1152, 1152]",torch.float16,True,/home/nizhj/gnn_sparsity/bigbird_output/tensors/bigbird_original_full_sample_07_layer_01.pt,/home/nizhj/gnn_sparsity/bigbird_output/plots/bigbird_original_full_sample_07_layer_01.png,15925248,15135109,0.9503845089257009,0.0,1.0,0.0006788563332520425,0.01381461601704359,15135109,15135109,15807275,0.9503845089257009,0.9503845089257009,0.9925920776869535,0.7545763850212097,0.5599360466003418,0.3469489514827728,0.16486625373363495
7,2,original_full,attention_probs,"[12, 1152, 1152]",torch.float16,True,/home/nizhj/gnn_sparsity/bigbird_output/tensors/bigbird_original_full_sample_07_layer_02.pt,/home/nizhj/gnn_sparsity/bigbird_output/plots/bigbird_original_full_sample_07_layer_02.png,15925248,15256830,0.9580277807918596,0.0,0.98828125,0.0007532465970143676,0.014493179507553577,15256830,15256830,15791862,0.9580277807918596,0.9580277807918596,0.9916242434654707,0.8110663294792175,0.641991376876831,0.4157664477825165,0.18795010447502136
7,3,original_full,attention_probs,"[12, 1152, 1152]",torch.float16,True,/home/nizhj/gnn_sparsity/bigbird_output/tensors/bigbird_original_full_sample_07_layer_03.pt,/home/nizhj/gnn_sparsity/bigbird_output/plots/bigbird_original_full_sample_07_layer_03.png,15925248,15032029,0.9439117682814108,0.0,0.98828125,0.000690063345246017,0.010288186371326447,15032029,15032029,15777703,0.9439117682814108,0.9439117682814108,0.9907351521307549,0.7321787476539612,0.5299519300460815,0.34212642908096313,0.17952674627304077
7,4,original_full,attention_probs,"[12, 1152, 1152]",torch.float16,True,/home/nizhj/gnn_sparsity/bigbird_output/tensors/bigbird_original_full_sample_07_layer_04.pt,/home/nizhj/gnn_sparsity/bigbird_output/plots/bigbird_original_full_sample_07_layer_04.png,15925248,15039176,0.944360552501286,0.0,0.9921875,0.0007320716395042837,0.009854641743004322,15039176,15039176,15730078,0.944360552501286,0.944360552501286,0.9877446178546168,0.7628982663154602,0.5776025652885437,0.39411330223083496,0.21347737312316895
7,5,original_full,attention_probs,"[12, 1152, 1152]",torch.float16,True,/home/nizhj/gnn_sparsity/bigbird_output/tensors/bigbird_original_full_sample_07_layer_05.pt,/home/nizhj/gnn_sparsity/bigbird_output/plots/bigbird_original_full_sample_07_layer_05.png,15925248,14939346,0.9380918903115355,0.0,0.953125,0.0007121257949620485,0.007754125632345676,14939346,14939346,15721972,0.9380918903115355,0.9380918903115355,0.9872356147923097,0.7354158759117126,0.5382225513458252,0.34567901492118835,0.17245370149612427
7,6,original_full,attention_probs,"[12, 1152, 1152]",torch.float16,True,/home/nizhj/gnn_sparsity/bigbird_output/tensors/bigbird_original_full_sample_07_layer_06.pt,/home/nizhj/gnn_sparsity/bigbird_output/plots/bigbird_original_full_sample_07_layer_06.png,15925248,15072151,0.9464311638977302,0.0,0.98828125,0.0007527730194851756,0.00853981263935566,15072151,15072151,15710075,0.9464311638977302,0.9464311638977302,0.9864885620619535,0.7596169114112854,0.5672944188117981,0.37602880597114563,0.20357510447502136
7,7,original_full,attention_probs,"[12, 1152, 1152]",torch.float16,True,/home/nizhj/gnn_sparsity/bigbird_output/tensors/bigbird_original_full_sample_07_layer_07.pt,/home/nizhj/gnn_sparsity/bigbird_output/plots/bigbird_original_full_sample_07_layer_07.png,15925248,15370622,0.9651731640223122,0.0,1.0,0.0008093909127637744,0.013710961677134037,15370622,15370622,15724255,0.9651731640223122,0.9651731640223122,0.9873789720574524,0.8830013871192932,0.7921087145805359,0.6488072276115417,0.40483540296554565
7,8,original_full,attention_probs,"[12, 1152, 1152]",torch.float16,True,/home/nizhj/gnn_sparsity/bigbird_output/tensors/bigbird_original_full_sample_07_layer_08.pt,/home/nizhj/gnn_sparsity/bigbird_output/plots/bigbird_original_full_sample_07_layer_08.png,15925248,15491972,0.9727931395479681,0.0,0.9921875,0.0008192482637241483,0.010812739841639996,15491972,15491972,15744989,0.9727931395479681,0.9727931395479681,0.9886809298040445,0.8989438414573669,0.8076211810112,0.6515560746192932,0.37950101494789124
7,9,original_full,attention_probs,"[12, 1152, 1152]",torch.float16,True,/home/nizhj/gnn_sparsity/bigbird_output/tensors/bigbird_original_full_sample_07_layer_09.pt,/home/nizhj/gnn_sparsity/bigbird_output/plots/bigbird_original_full_sample_07_layer_09.png,15925248,15486611,0.9724565042880337,0.0,1.0,0.0008087233873084188,0.01145902555435896,15486611,15486611,15755947,0.9724565042880337,0.9724565042880337,0.9893690195593814,0.847585916519165,0.6810056567192078,0.45254629850387573,0.2166280895471573
7,10,original_full,attention_probs,"[12, 1152, 1152]",torch.float16,True,/home/nizhj/gnn_sparsity/bigbird_output/tensors/bigbird_original_full_sample_07_layer_10.pt,/home/nizhj/gnn_sparsity/bigbird_output/plots/bigbird_original_full_sample_07_layer_10.png,15925248,15380883,0.9658174867983218,0.0,0.99609375,0.0007862639031372964,0.009729807265102863,15380883,15380883,15743592,0.9658174867983218,0.9658174867983218,0.9885932074652778,0.7535305023193359,0.4694291651248932,0.1747363656759262,0.04089506343007088
7,11,original_full,attention_probs,"[12, 1152, 1152]",torch.float16,True,/home/nizhj/gnn_sparsity/bigbird_output/tensors/bigbird_original_full_sample_07_layer_11.pt,/home/nizhj/gnn_sparsity/bigbird_output/plots/bigbird_original_full_sample_07_layer_11.png,15925248,15410522,0.9676786195103524,0.0,0.9921875,0.0007797194994054735,0.009934831410646439,15410522,15410522,15764589,0.9676786195103524,0.9676786195103524,0.9899116798683449,0.7652552723884583,0.4961741268634796,0.21005336940288544,0.05581275746226311
8,0,original_full,attention_probs,"[12, 1216, 1216]",torch.float16,True,/home/nizhj/gnn_sparsity/bigbird_output/tensors/bigbird_original_full_sample_08_layer_00.pt,/home/nizhj/gnn_sparsity/bigbird_output/plots/bigbird_original_full_sample_08_layer_00.png,17743872,16877352,0.9511651121018005,0.0,1.0,0.0005004499689675868,0.01220054179430008,16877352,16877352,17660259,0.9511651121018005,0.9511651121018005,0.995287781607081,0.7093729972839355,0.48151835799217224,0.29078659415245056,0.15760618448257446
8,1,original_full,attention_probs,"[12, 1216, 1216]",torch.float16,True,/home/nizhj/gnn_sparsity/bigbird_output/tensors/bigbird_original_full_sample_08_layer_01.pt,/home/nizhj/gnn_sparsity/bigbird_output/plots/bigbird_original_full_sample_08_layer_01.png,17743872,16921166,0.9536343589493883,0.0,1.0,0.0006372181233018637,0.013292000629007816,16921166,16921166,17616254,0.9536343589493883,0.9536343589493883,0.9928077704798592,0.7748279571533203,0.5871025323867798,0.36673304438591003,0.1781509667634964
8,2,original_full,attention_probs,"[12, 1216, 1216]",torch.float16,True,/home/nizhj/gnn_sparsity/bigbird_output/tensors/bigbird_original_full_sample_08_layer_02.pt,/home/nizhj/gnn_sparsity/bigbird_output/plots/bigbird_original_full_sample_08_layer_02.png,17743872,17015175,0.9589324697563193,0.0,0.984375,0.0007114709005691111,0.014048485085368156,17015175,17015175,17598469,0.9589324697563193,0.9589324697563193,0.9918054526092163,0.8162583708763123,0.6520624160766602,0.4308489263057709,0.20689058303833008
8,3,original_full,attention_probs,"[12, 1216, 1216]",torch.float16,True,/home/nizhj/gnn_sparsity/bigbird_output/tensors/bigbird_original_full_sample_08_layer_03.pt,/home/nizhj/gnn_sparsity/bigbird_output/plots/bigbird_original_full_sample_08_layer_03.png,17743872,16788688,0.9461682320521699,0.0,0.96484375,0.0006425646715797484,0.009385799989104271,16788688,16788688,17581843,0.9461682320521699,0.9461682320521699,0.9908684530636831,0.7429864406585693,0.5443465709686279,0.3557681143283844,0.195175439119339
8,4,original_full,attention_probs,"[12, 1216, 1216]",torch.float16,True,/home/nizhj/gnn_sparsity/bigbird_output/tensors/bigbird_original_full_sample_08_layer_04.pt,/home/nizhj/gnn_sparsity/bigbird_output/plots/bigbird_original_full_sample_08_layer_04.png,17743872,16765769,0.9448765748535607,0.0,0.96484375,0.0006853214581497014,0.00912680197507143,16765769,16765769,17537167,0.9448765748535607,0.9448765748535607,0.9883506260640293,0.7599676251411438,0.5730068683624268,0.3897160589694977,0.23487995564937592
8,5,original_full,attention_probs,"[12, 1216, 1216]",torch.float16,True,/home/nizhj/gnn_sparsity/bigbird_output/tensors/bigbird_original_full_sample_08_layer_05.pt,/home/nizhj/gnn_sparsity/bigbird_output/plots/bigbird_original_full_sample_08_layer_05.png,17743872,16658899,0.9388536504321041,0.0,0.9765625,0.0006646043621003628,0.0070154303684830666,16658899,16658899,17527125,0.9388536504321041,0.9388536504321041,0.9877846841997057,0.7329539060592651,0.5355926752090454,0.3380367159843445,0.17543859779834747
8,6,original_full,attention_probs,"[12, 1216, 1216]",torch.float16,True,/home/nizhj/gnn_sparsity/bigbird_output/tensors/bigbird_original_full_sample_08_layer_06.pt,/home/nizhj/gnn_sparsity/bigbird_output/plots/bigbird_original_full_sample_08_layer_06.png,17743872,16859608,0.9501651048880425,0.0,0.9765625,0.0007114840555004776,0.007891958579421043,16859608,16859608,17510978,0.9501651048880425,0.9501651048880425,0.9868746798894852,0.766322910785675,0.5715929269790649,0.3710612952709198,0.21929824352264404
8,7,original_full,attention_probs,"[12, 1216, 1216]",torch.float16,True,/home/nizhj/gnn_sparsity/bigbird_output/tensors/bigbird_original_full_sample_08_layer_07.pt,/home/nizhj/gnn_sparsity/bigbird_output/plots/bigbird_original_full_sample_08_layer_07.png,17743872,17142194,0.9660909411429478,0.0,1.0,0.0007692846120335162,0.013184837065637112,17142194,17142194,17527143,0.9660909411429478,0.9660909411429478,0.9877856986344355,0.8801181316375732,0.7902094721794128,0.6366862654685974,0.41528162360191345
8,8,original_full,attention_probs,"[12, 1216, 1216]",torch.float16,True,/home/nizhj/gnn_sparsity/bigbird_output/tensors/bigbird_original_full_sample_08_layer_08.pt,/home/nizhj/gnn_sparsity/bigbird_output/plots/bigbird_original_full_sample_08_layer_08.png,17743872,17232610,0.9711865595062904,0.0,0.96484375,0.0007731751538813114,0.009953192435204983,17232610,17232610,17539808,0.9711865595062904,0.9711865595062904,0.9884994661819021,0.8802903890609741,0.7732030749320984,0.5870556235313416,0.3322368562221527
8,9,original_full,attention_probs,"[12, 1216, 1216]",torch.float16,True,/home/nizhj/gnn_sparsity/bigbird_output/tensors/bigbird_original_full_sample_08_layer_09.pt,/home/nizhj/gnn_sparsity/bigbird_output/plots/bigbird_original_full_sample_08_layer_09.png,17743872,17270603,0.97332774943372,0.0,1.0,0.0007660104893147945,0.010844528675079346,17270603,17270603,17561494,0.97332774943372,0.97332774943372,0.989721634601512,0.8433369994163513,0.6688199639320374,0.4249047636985779,0.21329639852046967
8,10,original_full,attention_probs,"[12, 1216, 1216]",torch.float16,True,/home/nizhj/gnn_sparsity/bigbird_output/tensors/bigbird_original_full_sample_08_layer_10.pt,/home/nizhj/gnn_sparsity/bigbird_output/plots/bigbird_original_full_sample_08_layer_10.png,17743872,17112905,0.964440286764918,0.0,0.9921875,0.0007323742611333728,0.009188779629766941,17112905,17112905,17545835,0.964440286764918,0.964440286764918,0.9888391327439693,0.7321369051933289,0.4221058487892151,0.13524353504180908,0.032894738018512726
8,11,original_full,attention_probs,"[12, 1216, 1216]",torch.float16,True,/home/nizhj/gnn_sparsity/bigbird_output/tensors/bigbird_original_full_sample_08_layer_11.pt,/home/nizhj/gnn_sparsity/bigbird_output/plots/bigbird_original_full_sample_08_layer_11.png,17743872,17130230,0.9654166801924631,0.0,0.99609375,0.0007229830953292549,0.009140613488852978,17130230,17130230,17572367,0.9654166801924631,0.9654166801924631,0.9903344095358668,0.737941324710846,0.44522231817245483,0.1708073616027832,0.041378118097782135
9,0,original_full,attention_probs,"[12, 1280, 1280]",torch.float16,True,/home/nizhj/gnn_sparsity/bigbird_output/tensors/bigbird_original_full_sample_09_layer_00.pt,/home/nizhj/gnn_sparsity/bigbird_output/plots/bigbird_original_full_sample_09_layer_00.png,19660800,18762410,0.9543055216471354,0.0,1.0,0.00046334057697094977,0.01177727896720171,18762410,18762410,19573803,0.9543055216471354,0.9543055216471354,0.9955751037597657,0.7178637981414795,0.4886491000652313,0.29450520873069763,0.16109375655651093
9,1,original_full,attention_probs,"[12, 1280, 1280]",torch.float16,True,/home/nizhj/gnn_sparsity/bigbird_output/tensors/bigbird_original_full_sample_09_layer_01.pt,/home/nizhj/gnn_sparsity/bigbird_output/plots/bigbird_original_full_sample_09_layer_01.png,19660800,18794485,0.9559369405110677,0.0,1.0,0.0005999612621963024,0.012841813266277313,18794485,18794485,19524619,0.9559369405110677,0.9559369405110677,0.9930734761555989,0.7803442478179932,0.5931835770606995,0.3737369775772095,0.17874999344348907
9,2,original_full,attention_probs,"[12, 1280, 1280]",torch.float16,True,/home/nizhj/gnn_sparsity/bigbird_output/tensors/bigbird_original_full_sample_09_layer_02.pt,/home/nizhj/gnn_sparsity/bigbird_output/plots/bigbird_original_full_sample_09_layer_02.png,19660800,18891982,0.9608958943684895,0.0,0.98046875,0.0006710500456392765,0.013733970001339912,18891982,18891982,19508827,0.9608958943684895,0.9608958943684895,0.9922702534993489,0.8181143999099731,0.6523339748382568,0.4282161593437195,0.2019791603088379
9,3,original_full,attention_probs,"[12, 1280, 1280]",torch.float16,True,/home/nizhj/gnn_sparsity/bigbird_output/tensors/bigbird_original_full_sample_09_layer_03.pt,/home/nizhj/gnn_sparsity/bigbird_output/plots/bigbird_original_full_sample_09_layer_03.png,19660800,18658525,0.9490216573079427,0.0,0.98046875,0.0006089829839766026,0.009412434883415699,18658525,18658525,19492907,0.9490216573079427,0.9490216573079427,0.9914605204264323,0.7465299367904663,0.544420599937439,0.35300782322883606,0.19473958015441895
9,4,original_full,attention_probs,"[12, 1280, 1280]",torch.float16,True,/home/nizhj/gnn_sparsity/bigbird_output/tensors/bigbird_original_full_sample_09_layer_04.pt,/home/nizhj/gnn_sparsity/bigbird_output/plots/bigbird_original_full_sample_09_layer_04.png,19660800,18632130,0.9476791381835937,0.0,0.953125,0.0006467765779234469,0.008936239406466484,18632130,18632130,19442660,0.9476791381835937,0.9476791381835937,0.9889048258463542,0.7638452053070068,0.5809831023216248,0.38718751072883606,0.22239583730697632
9,5,original_full,attention_probs,"[12, 1280, 1280]",torch.float16,True,/home/nizhj/gnn_sparsity/bigbird_output/tensors/bigbird_original_full_sample_09_layer_05.pt,/home/nizhj/gnn_sparsity/bigbird_output/plots/bigbird_original_full_sample_09_layer_05.png,19660800,18519096,0.941929931640625,0.0,0.98828125,0.0006259758374653757,0.006910744588822126,18519096,18519096,19435067,0.941929931640625,0.941929931640625,0.9885186258951822,0.7355680465698242,0.541832685470581,0.34171876311302185,0.1707291603088379
9,6,original_full,attention_probs,"[12, 1280, 1280]",torch.float16,True,/home/nizhj/gnn_sparsity/bigbird_output/tensors/bigbird_original_full_sample_09_layer_06.pt,/home/nizhj/gnn_sparsity/bigbird_output/plots/bigbird_original_full_sample_09_layer_06.png,19660800,18684887,0.9503624979654948,0.0,0.984375,0.0006669401773251593,0.007563702296465635,18684887,18684887,19413472,0.9503624979654948,0.9503624979654948,0.9874202473958333,0.7504264116287231,0.5498046875,0.3502734303474426,0.20395833253860474
9,7,original_full,attention_probs,"[12, 1280, 1280]",torch.float16,True,/home/nizhj/gnn_sparsity/bigbird_output/tensors/bigbird_original_full_sample_09_layer_07.pt,/home/nizhj/gnn_sparsity/bigbird_output/plots/bigbird_original_full_sample_09_layer_07.png,19660800,19016204,0.9672141520182291,0.0,1.0,0.0007290720823220909,0.012673372402787209,19016204,19016204,19426839,0.9672141520182291,0.9672141520182291,0.9881001281738281,0.8806070685386658,0.7934505343437195,0.6431640386581421,0.4064583480358124
9,8,original_full,attention_probs,"[12, 1280, 1280]",torch.float16,True,/home/nizhj/gnn_sparsity/bigbird_output/tensors/bigbird_original_full_sample_09_layer_08.pt,/home/nizhj/gnn_sparsity/bigbird_output/plots/bigbird_original_full_sample_09_layer_08.png,19660800,19138915,0.9734555562337239,0.0,0.97265625,0.0007347436039708555,0.009420647285878658,19138915,19138915,19440419,0.9734555562337239,0.9734555562337239,0.9887908426920573,0.8921557664871216,0.8033658862113953,0.6414973735809326,0.3903124928474426
9,9,original_full,attention_probs,"[12, 1280, 1280]",torch.float16,True,/home/nizhj/gnn_sparsity/bigbird_output/tensors/bigbird_original_full_sample_09_layer_09.pt,/home/nizhj/gnn_sparsity/bigbird_output/plots/bigbird_original_full_sample_09_layer_09.png,19660800,19161220,0.9745900472005208,0.0,1.0,0.0007265951135195792,0.010004173964262009,19161220,19161220,19461413,0.9745900472005208,0.9745900472005208,0.989858652750651,0.8470914959907532,0.6871159076690674,0.45065104961395264,0.2201041728258133
9,10,original_full,attention_probs,"[12, 1280, 1280]",torch.float16,True,/home/nizhj/gnn_sparsity/bigbird_output/tensors/bigbird_original_full_sample_09_layer_10.pt,/home/nizhj/gnn_sparsity/bigbird_output/plots/bigbird_original_full_sample_09_layer_10.png,19660800,19036731,0.9682582092285156,0.0,0.99609375,0.0007027058163657784,0.008638165891170502,19036731,19036731,19444705,0.9682582092285156,0.9682582092285156,0.9890088399251302,0.7437467575073242,0.4504231810569763,0.14542968571186066,0.02916666679084301
9,11,original_full,attention_probs,"[12, 1280, 1280]",torch.float16,True,/home/nizhj/gnn_sparsity/bigbird_output/tensors/bigbird_original_full_sample_09_layer_11.pt,/home/nizhj/gnn_sparsity/bigbird_output/plots/bigbird_original_full_sample_09_layer_11.png,19660800,19102867,0.971622060139974,0.0,0.9921875,0.0007027869578450918,0.008913564495742321,19102867,19102867,19474392,0.971622060139974,0.971622060139974,0.990518798828125,0.7748673558235168,0.51639324426651,0.2189713567495346,0.052031248807907104
10,0,original_full,attention_probs,"[12, 1344, 1344]",torch.float16,True,/home/nizhj/gnn_sparsity/bigbird_output/tensors/bigbird_original_full_sample_10_layer_00.pt,/home/nizhj/gnn_sparsity/bigbird_output/plots/bigbird_original_full_sample_10_layer_00.png,21676032,20749730,0.9572660715761999,0.0,1.0,0.0004387793014757335,0.011388776823878288,20749730,20749730,21582397,0.9572660715761999,0.9572660715761999,0.9956802518099254,0.7259705066680908,0.4977324306964874,0.2996976673603058,0.16222600638866425
10,1,original_full,attention_probs,"[12, 1344, 1344]",torch.float16,True,/home/nizhj/gnn_sparsity/bigbird_output/tensors/bigbird_original_full_sample_10_layer_01.pt,/home/nizhj/gnn_sparsity/bigbird_output/plots/bigbird_original_full_sample_10_layer_01.png,21676032,20752789,0.9574071951914447,0.0,1.0,0.0005595801048912108,0.011983339674770832,20752789,20752789,21532957,0.9574071951914447,0.9574071951914447,0.9933993915491544,0.7810292840003967,0.5894038081169128,0.36222127079963684,0.16780045628547668
10,2,original_full,attention_probs,"[12, 1344, 1344]",torch.float16,True,/home/nizhj/gnn_sparsity/bigbird_output/tensors/bigbird_original_full_sample_10_layer_02.pt,/home/nizhj/gnn_sparsity/bigbird_output/plots/bigbird_original_full_sample_10_layer_02.png,21676032,20803742,0.9597578560504063,0.0,0.984375,0.0006298720836639404,0.01247393898665905,20803742,20803742,21509457,0.9597578560504063,0.9597578560504063,0.992315244782809,0.8110724091529846,0.6397923827171326,0.40751370787620544,0.18178382515907288
10,3,original_full,attention_probs,"[12, 1344, 1344]",torch.float16,True,/home/nizhj/gnn_sparsity/bigbird_output/tensors/bigbird_original_full_sample_10_layer_03.pt,/home/nizhj/gnn_sparsity/bigbird_output/plots/bigbird_original_full_sample_10_layer_03.png,21676032,20597412,0.9502390474418935,0.0,0.9765625,0.0005686759250238538,0.008573933504521847,20597412,20597412,21497093,0.9502390474418935,0.9502390474418935,0.9917448451819965,0.7474305033683777,0.5443712472915649,0.3493126332759857,0.18513794243335724
10,4,original_full,attention_probs,"[12, 1344, 1344]",torch.float16,True,/home/nizhj/gnn_sparsity/bigbird_output/tensors/bigbird_original_full_sample_10_layer_04.pt,/home/nizhj/gnn_sparsity/bigbird_output/plots/bigbird_original_full_sample_10_layer_04.png,21676032,20599848,0.9503514296343537,0.0,0.953125,0.0006083966000005603,0.008428596891462803,20599848,20599848,21447506,0.9503514296343537,0.9503514296343537,0.9894572032371977,0.7727643251419067,0.5880160927772522,0.389573872089386,0.2241591066122055
10,5,original_full,attention_probs,"[12, 1344, 1344]",torch.float16,True,/home/nizhj/gnn_sparsity/bigbird_output/tensors/bigbird_original_full_sample_10_layer_05.pt,/home/nizhj/gnn_sparsity/bigbird_output/plots/bigbird_original_full_sample_10_layer_05.png,21676032,20428121,0.9424289925388558,0.0,0.94140625,0.0005882050609216094,0.006461960729211569,20428121,20428121,21449996,0.9424289925388558,0.9424289925388558,0.9895720766605253,0.7439199090003967,0.5513510704040527,0.34585222601890564,0.17441421747207642
10,6,original_full,attention_probs,"[12, 1344, 1344]",torch.float16,True,/home/nizhj/gnn_sparsity/bigbird_output/tensors/bigbird_original_full_sample_10_layer_06.pt,/home/nizhj/gnn_sparsity/bigbird_output/plots/bigbird_original_full_sample_10_layer_06.png,21676032,20632165,0.951842339040651,0.0,0.98828125,0.0006352568161673844,0.007433206308633089,20632165,20632165,21425223,0.951842339040651,0.951842339040651,0.9884292014331775,0.7647960782051086,0.5747679471969604,0.380952388048172,0.21296297013759613
10,7,original_full,attention_probs,"[12, 1344, 1344]",torch.float16,True,/home/nizhj/gnn_sparsity/bigbird_output/tensors/bigbird_original_full_sample_10_layer_07.pt,/home/nizhj/gnn_sparsity/bigbird_output/plots/bigbird_original_full_sample_10_layer_07.png,21676032,20956028,0.9667834038997544,0.0,1.0,0.0006919417646713555,0.012289829552173615,20956028,20956028,21429574,0.9667834038997544,0.9667834038997544,0.9886299300536187,0.8841492533683777,0.7917256951332092,0.6416288614273071,0.41024187207221985
10,8,original_full,attention_probs,"[12, 1344, 1344]",torch.float16,True,/home/nizhj/gnn_sparsity/bigbird_output/tensors/bigbird_original_full_sample_10_layer_08.pt,/home/nizhj/gnn_sparsity/bigbird_output/plots/bigbird_original_full_sample_10_layer_08.png,21676032,21117365,0.9742265097228128,0.0,0.984375,0.0006998031167313457,0.009716801345348358,21117365,21117365,21456056,0.9742265097228128,0.9742265097228128,0.9898516481245276,0.8967788815498352,0.8002025485038757,0.6378495693206787,0.3926681876182556
10,9,original_full,attention_probs,"[12, 1344, 1344]",torch.float16,True,/home/nizhj/gnn_sparsity/bigbird_output/tensors/bigbird_original_full_sample_10_layer_09.pt,/home/nizhj/gnn_sparsity/bigbird_output/plots/bigbird_original_full_sample_10_layer_09.png,21676032,21114062,0.97407412943476,0.0,1.0,0.0006892579258419573,0.010085098445415497,21114062,21114062,21472397,0.97407412943476,0.97407412943476,0.9906055222653297,0.8425306081771851,0.6708563566207886,0.43579933047294617,0.21707293391227722
10,10,original_full,attention_probs,"[12, 1344, 1344]",torch.float16,True,/home/nizhj/gnn_sparsity/bigbird_output/tensors/bigbird_original_full_sample_10_layer_10.pt,/home/nizhj/gnn_sparsity/bigbird_output/plots/bigbird_original_full_sample_10_layer_10.png,21676032,20959877,0.9669609732999103,0.0,0.98046875,0.0006615450838580728,0.008248040452599525,20959877,20959877,21455846,0.9669609732999103,0.9669609732999103,0.9898419600044879,0.7342495322227478,0.4334963262081146,0.14858512580394745,0.03727324306964874
10,11,original_full,attention_probs,"[12, 1344, 1344]",torch.float16,True,/home/nizhj/gnn_sparsity/bigbird_output/tensors/bigbird_original_full_sample_10_layer_11.pt,/home/nizhj/gnn_sparsity/bigbird_output/plots/bigbird_original_full_sample_10_layer_11.png,21676032,21076869,0.9723582711079224,0.0,0.9921875,0.0006641413783654571,0.00897289626300335,21076869,21076869,21494804,0.9723582711079224,0.9723582711079224,0.9916392446735639,0.7759796380996704,0.5132245421409607,0.2295209765434265,0.06934995949268341
